LOCAL	CATEGORIA	CENTRO COMERCIAL
FUNKY FISH	salud-y-belleza	EL RECREO
REMY EC	salud-y-belleza	EL RECREO
ANTOJITOS EC 593	gastronomia	EL RECREO
TARTA VASCA DE LA CHEF CARO	gastronomia	EL RECREO
LEE	moda	EL RECREO
LA TAQUERÍA 57	gastronomia	EL RECREO
BRAND STORE	moda	EL RECREO
SANTO POLLO	gastronomia	EL RECREO
NITRO PARADICE	gastronomia	EL RECREO
NOVICOMPU	hogar-y-decoracion	EL RECREO
VAPEFLIX	varios	EL RECREO
FILA	calzado	EL RECREO
DONUT TERAPIA	gastronomia	EL RECREO
WAFFLAB	gastronomia	EL RECREO
SANTA ROSA CERVEZA ARTESANAL	gastronomia	EL RECREO
LOOK EXPRESS	opticas	EL RECREO
MANGA STYLE ELITE	moda	EL RECREO
PARA MÍ	salud-y-belleza	EL RECREO
HIPIXIE	papelerias	EL RECREO
ALTEZA	joyerias	EL RECREO
LUZÉ	salud-y-belleza	EL RECREO
LEONISA	lenceria	EL RECREO
GOMMYHOT	gastronomia	EL RECREO
LEXUS KIDS	librerias	EL RECREO
FOTON	vehiculos	EL RECREO
QIWA	accesorios	EL RECREO
SUMAK STYLE	moda	EL RECREO
LEXUS KIDS	librerias	EL RECREO
RASHELL	moda	EL RECREO
ONLY NATURAL	salud-y-belleza	EL RECREO
ENV TECH	electrodomesticos-y-tecnologia	EL RECREO
GLAMOUR	moda	EL RECREO
BÉLYBELLA	salud-y-belleza	EL RECREO
MOBILE & GAMES	electrodomesticos-y-tecnologia	EL RECREO
CRISMA GOLD	papelerias	EL RECREO
FARMACIA COMDEX	salud-y-belleza	EL RECREO
GAES	salud-y-belleza	EL RECREO
DT TECH FIX	electrodomesticos-y-tecnologia	EL RECREO
POLIFOAMFLEX	hogar-y-decoracion	EL RECREO
CASA KOREA	gastronomia	EL RECREO
MAG STORE	hogar-y-decoracion	EL RECREO
ELLA Y YO MODA	moda	EL RECREO
FRESAME	gastronomia	EL RECREO
DIRECTV	servicios	EL RECREO
CERTERO	servicios	EL RECREO
BANCO GUAYAQUIL CAJERO	instituciones-financieras	EL RECREO
BUSQUEDA Y RESCATE	varios	EL RECREO
BANCO PICHINCHA CAJERO	instituciones-financieras	EL RECREO
BANCO PICHINCHA CAJERO	instituciones-financieras	EL RECREO
ARTEFACTA ISLA CORREDOR F	electrodomesticos-y-tecnologia	EL RECREO
AKM IMPORTADORA	electrodomesticos-y-tecnologia	EL RECREO
PUNTO CARAMELO	gastronomia	EL RECREO
SUPER PACO	papelerias	EL RECREO
MOVISTAR isla	electrodomesticos-y-tecnologia	EL RECREO
KREV	salud-y-belleza	EL RECREO
RUTILANS	salud-y-belleza	EL RECREO
MOBILE & GAMES	electrodomesticos-y-tecnologia	EL RECREO
MIYOSHI isla	joyerias	EL RECREO
Gala´s PetZone isla	mascotas	EL RECREO
DOLLAR STORE	varios	EL RECREO
KRISPY KREME	gastronomia	EL RECREO
CHEESECAKE PLANET	gastronomia	EL RECREO
DESCUENTÓN OUTLET	varios	EL RECREO
IMPULSA MOTOS	hogar-y-decoracion	EL RECREO
LUCA JUST COOKIE	gastronomia	EL RECREO
VIVA VIAJES	servicios	EL RECREO
UMCO	hogar-y-decoracion	EL RECREO
DERMOTIENDA	salud-y-belleza	EL RECREO
SWEET & COFFEE CORREDOR F	gastronomia	EL RECREO
DIPIUR	calzado	EL RECREO
CRECOS ISLA	electrodomesticos-y-tecnologia	EL RECREO
McDONALD’S HELADERÍA CORREDOR P	gastronomia	EL RECREO
LEXUS KIDS	librerias	EL RECREO
HONOR	electrodomesticos-y-tecnologia	EL RECREO
MAQANAKUY	entretenimiento	EL RECREO
TATUARIUM	entretenimiento	EL RECREO
MISSKA	moda	EL RECREO
VERSSATO	calzado	EL RECREO
KOAJ Corredor J	moda	EL RECREO
DOLLAR STORE	supermercados-y-ferreterias	EL RECREO
GAIA MANICURE CORREDOR Q	salud-y-belleza	EL RECREO
FASHION TIME (O´CLOCK)	accesorios	EL RECREO
SECURITY DATA	servicios	EL RECREO
SOCIEDAD FUNERARIA NACIONAL	servicios	EL RECREO
FARMACIAS ECONÓMICAS	salud-y-belleza	EL RECREO
BIBIS PERFUMERÍA CORREDOR Q	salud-y-belleza	EL RECREO
NOVIGAME	electrodomesticos-y-tecnologia	EL RECREO
PUNTO DE LA SUERTE CORREDOR P	entretenimiento	EL RECREO
PERFUMES FACTORY	salud-y-belleza	EL RECREO
MEGUIARS	vehiculos	EL RECREO
JOYERÍA & TALLER G&T	joyerias	EL RECREO
JAMES	moda	EL RECREO
DIRECTV	servicios	EL RECREO
DEYALET	joyerias	EL RECREO
CREPES & WAFFLES	gastronomia	EL RECREO
CITRUXMANGO	gastronomia	EL RECREO
ARCAMIA	salud-y-belleza	EL RECREO
FUNKYCASE	electrodomesticos-y-tecnologia	EL RECREO
NARANJA- LIMÓN	gastronomia	EL RECREO
LOS MOTES DE LA BILOXI	gastronomia	EL RECREO
CELERITY	servicios	EL RECREO
CASHTAX	servicios	EL RECREO
BASSA	salud-y-belleza	EL RECREO
YANBAL GRUPO 3359 CORREDOR P	salud-y-belleza	EL RECREO
YANBAL CORREDOR E	salud-y-belleza	EL RECREO
TUNING MOBILE	electrodomesticos-y-tecnologia	EL RECREO
MAILUJ	accesorios	EL RECREO
LOS OLIVOS	salud-y-belleza	EL RECREO
AVON	salud-y-belleza	EL RECREO
BUBBLE DRINKS	gastronomia	EL RECREO
CELULAR BOX	electrodomesticos-y-tecnologia	EL RECREO
VIVA VIAJES ISLA	servicios	EL RECREO
VIVA BEAUTY	salud-y-belleza	EL RECREO
TOFFEE ICE CREAM CORREDOR Q	gastronomia	EL RECREO
T&H TECHNOLOGY	electrodomesticos-y-tecnologia	EL RECREO
WORLDECMAKEUP	salud-y-belleza	EL RECREO
ZAHIDT JEANS	moda	EL RECREO
XTRIM	servicios	EL RECREO
WIRELESS NEXT	electrodomesticos-y-tecnologia	EL RECREO
WIRELESS NEXT	electrodomesticos-y-tecnologia	EL RECREO
VEGA BELTRÁN	salud-y-belleza	EL RECREO
UNINOVA	instituciones-financieras	EL RECREO
TU STYLO SPA	salud-y-belleza	EL RECREO
TRAFFIC	moda	EL RECREO
TOP INDUSTRIAL	calzado	EL RECREO
TOFFEE ICE CREAM CORREDOR E	gastronomia	EL RECREO
TEGNAMAX	electrodomesticos-y-tecnologia	EL RECREO
BEEPCOM TECHNOLOGY	electrodomesticos-y-tecnologia	EL RECREO
SOL NACIENTE	electrodomesticos-y-tecnologia	EL RECREO
SECRET ROMANZA	lenceria	EL RECREO
REYES DEL CHOCLO	gastronomia	EL RECREO
PET STATION TIENDA DIGITAL	mascotas	EL RECREO
MUNDU CELL	electrodomesticos-y-tecnologia	EL RECREO
MOBILE SOLUTIONS	electrodomesticos-y-tecnologia	EL RECREO
MEMORY DIGITAL ACCESORIOS	electrodomesticos-y-tecnologia	EL RECREO
McDONALD’S HELADERÍA CORREDOR J	gastronomia	EL RECREO
McDONALD’S	gastronomia	EL RECREO
LITTLE MIC	moda	EL RECREO
KONIKO REPUBLIC	moda	EL RECREO
MIA ISLA DE LA PLATA	accesorios	EL RECREO
FANTASIAS NEW YORK	varios	EL RECREO
EXTREME VERTIGO	entretenimiento	EL RECREO
COOPERATIVA DE AHORRO Y CRÉDITO OSCUS	instituciones-financieras	EL RECREO
ÁRBOL DE LA VIDA	hogar-y-decoracion	EL RECREO
CLARO DIGTELEK	servicios	EL RECREO
CLARO ATENCION AL CLIENTE	servicios	EL RECREO
CLARO CONECEL	servicios	EL RECREO
CEVICHERÍA VIEJO BOLO	gastronomia	EL RECREO
PC FACTORY	electrodomesticos-y-tecnologia	EL RECREO
PC DREAMS	electrodomesticos-y-tecnologia	EL RECREO
OUTLET TV	hogar-y-decoracion	EL RECREO
OUTLET COMANDATO	electrodomesticos-y-tecnologia	EL RECREO
O´CLOCK	accesorios	EL RECREO
NYC TECHNOLOGY CORREDOR OL	electrodomesticos-y-tecnologia	EL RECREO
NYC TECHNOLOGY CORREDOR L	electrodomesticos-y-tecnologia	EL RECREO
NOVA STORE	electrodomesticos-y-tecnologia	EL RECREO
NOVA STORE	electrodomesticos-y-tecnologia	EL RECREO
NEW TECH	electrodomesticos-y-tecnologia	EL RECREO
MUY PAISA	gastronomia	EL RECREO
MUTUALISTA PICHINCHA	instituciones-financieras	EL RECREO
MUNDO TEK	electrodomesticos-y-tecnologia	EL RECREO
MULTICINES	entretenimiento	EL RECREO
MR. JOY	entretenimiento	EL RECREO
MR. GOLD	varios	EL RECREO
MR. DOLAR	varios	EL RECREO
MR. DOLAR	varios	EL RECREO
MR. BLACK	varios	EL RECREO
MOVISTAR MOVILCELISTIC	servicios	EL RECREO
MOVISTAR CYBERCELL	servicios	EL RECREO
MOVILTECH	electrodomesticos-y-tecnologia	EL RECREO
MOVIES	moda	EL RECREO
MONTRAIL	calzado	EL RECREO
MONTERO	hogar-y-decoracion	EL RECREO
MONEY GRAM	servicios	EL RECREO
MODA SPORT	moda	EL RECREO
MOBILE SHOPPING	electrodomesticos-y-tecnologia	EL RECREO
MOBILE SHOP	electrodomesticos-y-tecnologia	EL RECREO
MINKA	moda	EL RECREO
MINISO	hogar-y-decoracion	EL RECREO
MIL COLORES	telas	EL RECREO
MIL ARTICULOS	electrodomesticos-y-tecnologia	EL RECREO
MIYUKI NATURAL BEAUTY & NAILS	salud-y-belleza	EL RECREO
MIC	moda	EL RECREO
MERYLAN	telas	EL RECREO
MEGAMAXI	supermercados-y-ferreterias	EL RECREO
MEDISUR BY AXXIS	servicios	EL RECREO
MEDIAS Y PUNTO	lenceria	EL RECREO
MDR TECHNOLOGY	electrodomesticos-y-tecnologia	EL RECREO
MAYFLOWER	gastronomia	EL RECREO
MAYFLOWER	gastronomia	EL RECREO
MARKETING VIP	servicios	EL RECREO
MAG STORE	electrodomesticos-y-tecnologia	EL RECREO
MABELEN	moda	EL RECREO
LOTERÍA NACIONAL	servicios	EL RECREO
LA GRAN COMPRA	electrodomesticos-y-tecnologia	EL RECREO
LA GANGA	electrodomesticos-y-tecnologia	EL RECREO
LA GANGA	electrodomesticos-y-tecnologia	EL RECREO
KONICA DIGITAL PHOTO EXPRESS	servicios	EL RECREO
KFC PLAZA DE COMIDAS	gastronomia	EL RECREO
KFC PATIO DE COMIDAS	gastronomia	EL RECREO
KFC ACCESO 5	gastronomia	EL RECREO
KFC ACCESO 2	gastronomia	EL RECREO
KICOS	gastronomia	EL RECREO
JUEGOMANÍA	entretenimiento	EL RECREO
JUAN VALDEZ ISLA	gastronomia	EL RECREO
JAVIER GARCÍA	lenceria	EL RECREO
ISAACOM	electrodomesticos-y-tecnologia	EL RECREO
INGCO	supermercados-y-ferreterias	EL RECREO
IMPORT MAGA ISLA	electrodomesticos-y-tecnologia	EL RECREO
IMPORT MAGA	electrodomesticos-y-tecnologia	EL RECREO
IGLOO	moda	EL RECREO
IGLOO ISLA	moda	EL RECREO
HAPPY TIME	entretenimiento	EL RECREO
HAPPY MOMENTS	entretenimiento	EL RECREO
HAPPY CELULARES	electrodomesticos-y-tecnologia	EL RECREO
HAPPY CELULARES	electrodomesticos-y-tecnologia	EL RECREO
HAPPY CELULARES	electrodomesticos-y-tecnologia	EL RECREO
GREENFROST	gastronomia	EL RECREO
GLAMOUR	salud-y-belleza	EL RECREO
GANACELL	electrodomesticos-y-tecnologia	EL RECREO
FRANCESCO MILANO	moda	EL RECREO
HELADERÍA FONTANA CORREDOR O	gastronomia	EL RECREO
HELADERÍA FONTANA CORREDOR L	gastronomia	EL RECREO
EL COSTURERO	servicios	EL RECREO
DETPC IMPORTACIONES	electrodomesticos-y-tecnologia	EL RECREO
CRECOS	electrodomesticos-y-tecnologia	EL RECREO
CONTIPRINT	hogar-y-decoracion	EL RECREO
IMPORTADORA CEL	electrodomesticos-y-tecnologia	EL RECREO
BURGER KING	gastronomia	EL RECREO
BELU’S CREACIONES	moda	EL RECREO
BUBBLE GUMMERS	calzado	EL RECREO
GRATTZIA	lenceria	EL RECREO
GLOBAL TECH	electrodomesticos-y-tecnologia	EL RECREO
GLASSES	opticas	EL RECREO
CNT	servicios	EL RECREO
CELLMAX MOBILE	electrodomesticos-y-tecnologia	EL RECREO
CELLMANÍA	electrodomesticos-y-tecnologia	EL RECREO
COOPERATIVA CACSPMEC	instituciones-financieras	EL RECREO
BZK	moda	EL RECREO
BURBUJAS BEAUTY SHOP	salud-y-belleza	EL RECREO
BUESTÁN	calzado	EL RECREO
BUBBLE GUMMERS	calzado	EL RECREO
BOSCH	vehiculos	EL RECREO
BOORBY	salud-y-belleza	EL RECREO
PUNTO DE LA SUERTE CORREDOR L	entretenimiento	EL RECREO
PERFUMES EUROPEOS	salud-y-belleza	EL RECREO
MULTIVACACIONES DECAMERON S.A.	servicios	EL RECREO
MONSTER CANDY	gastronomia	EL RECREO
LEXUS KIDS	librerias	EL RECREO
JUGOS ALICE	gastronomia	EL RECREO
HONOR ISLA	electrodomesticos-y-tecnologia	EL RECREO
HELADOS COQUEIROS	gastronomia	EL RECREO
FRUTIMIX	gastronomia	EL RECREO
FRUTICHOCO	gastronomia	EL RECREO
DON SERGIO’S VINO DE JAMAICA	gastronomia	EL RECREO
DINOPARK	entretenimiento	EL RECREO
CRAZY BY MANGO MIX	gastronomia	EL RECREO
CINNABON – BASKIN ROBBINS	gastronomia	EL RECREO
CASSAVE	gastronomia	EL RECREO
CAFU	varios	EL RECREO
BUSQUEDA Y RESCATE	varios	EL RECREO
BUBBLE TEA ISLA	gastronomia	EL RECREO
BIBIS PERFUMERÍA ISLA	salud-y-belleza	EL RECREO
ACCESS LAND ISLA	accesorios	EL RECREO
WHIMS FOR YOU	accesorios	EL RECREO
VCOOL	varios	EL RECREO
TOKIO TOYS	varios	EL RECREO
TEOS	varios	EL RECREO
SYF	salud-y-belleza	EL RECREO
SR. CEVICHE Y SRA. CORVINA	gastronomia	EL RECREO
SHIATSU MASAJES	salud-y-belleza	EL RECREO
SCANFORT	hogar-y-decoracion	EL RECREO
PUNTO DE LA SUERTE CORREDOR H	entretenimiento	EL RECREO
PULSE STORE	accesorios	EL RECREO
PROMOVENTAS	hogar-y-decoracion	EL RECREO
PLAYA KIDS	entretenimiento	EL RECREO
PERFUMES FACTORY	salud-y-belleza	EL RECREO
NETLIFE ISLA	servicios	EL RECREO
ZURITA SHOES	calzado	EL RECREO
ZAKY	moda	EL RECREO
ZUAVE	calzado	EL RECREO
XIAOMI	electrodomesticos-y-tecnologia	EL RECREO
WESTERN UNION	servicios	EL RECREO
WESTERN UNION	servicios	EL RECREO
VISTA PARA TODOS	opticas	EL RECREO
VISTA PARA TODOS	opticas	EL RECREO
VÍAPAZZOS	calzado	EL RECREO
VETFARM	mascotas	EL RECREO
VENUE	moda	EL RECREO
VASARI & MOZIONI	moda	EL RECREO
VACO Y VACA	gastronomia	EL RECREO
UOMO VENETTO	moda	EL RECREO
TVENTAS	electrodomesticos-y-tecnologia	EL RECREO
TVENTAS CORREDOR A	electrodomesticos-y-tecnologia	EL RECREO
TUTTO FREDDO ISLA	gastronomia	EL RECREO
TUTTO FREDDO	gastronomia	EL RECREO
TUENTI	servicios	EL RECREO
TROPIBURGER	gastronomia	EL RECREO
TROPIBURGER	gastronomia	EL RECREO
TROPI MOTORS	vehiculos	EL RECREO
TOTTO	moda	EL RECREO
TOKYO TOYS	juguetes	EL RECREO
TODO HOGAR	hogar-y-decoracion	EL RECREO
TINTALANDIA	electrodomesticos-y-tecnologia	EL RECREO
TICKETSHOW	servicios	EL RECREO
THINK	electrodomesticos-y-tecnologia	EL RECREO
TEXAS CHICKEN	gastronomia	EL RECREO
TENNIS OUTLET	moda	EL RECREO
TELESHOP	moda	EL RECREO
TEJIDOS HOMER	moda	EL RECREO
TECNOLOGÍA ISRAEL	electrodomesticos-y-tecnologia	EL RECREO
TCL RCA	electrodomesticos-y-tecnologia	EL RECREO
TATY	moda	EL RECREO
TACO MEX	gastronomia	EL RECREO
SWEET & COFFEE	gastronomia	EL RECREO
SURTIMEDIK	salud-y-belleza	EL RECREO
SÚPER ÉXITO	moda	EL RECREO
SUPER CROMOS ISLA	varios	EL RECREO
SUPER CROMOS	varios	EL RECREO
SPORTBET	entretenimiento	EL RECREO
SPLENDER	salud-y-belleza	EL RECREO
SOLIDARIO CONMIGO	instituciones-financieras	EL RECREO
SNOW STOP	gastronomia	EL RECREO
SNOBIZ	gastronomia	EL RECREO
SMARTFIT	servicios	EL RECREO
SMART CENTER	electrodomesticos-y-tecnologia	EL RECREO
SMART CENTER	electrodomesticos-y-tecnologia	EL RECREO
SMART BUY	electrodomesticos-y-tecnologia	EL RECREO
SKY PHONE	electrodomesticos-y-tecnologia	EL RECREO
SKECHERS	calzado	EL RECREO
SHALOM SOLUCIONES TECNOLÓGICAS	electrodomesticos-y-tecnologia	EL RECREO
SEVENSHOES	calzado	EL RECREO
SERVICAT	varios	EL RECREO
SANA PIE	salud-y-belleza	EL RECREO
SALOMÉ	lenceria	EL RECREO
SAKS	moda	EL RECREO
SACA LA RESACA	gastronomia	EL RECREO
ROLAND	moda	EL RECREO
RM	moda	EL RECREO
RENOVA	lenceria	EL RECREO
RDS ENTRETENIMIENTO	entretenimiento	EL RECREO
RADIOSHACK	electrodomesticos-y-tecnologia	EL RECREO
PYCCA	hogar-y-decoracion	EL RECREO
PUKAMURO	calzado	EL RECREO
PROCHEF	hogar-y-decoracion	EL RECREO
POWER PHONE	electrodomesticos-y-tecnologia	EL RECREO
PONY STORE	calzado	EL RECREO
POINT TECHNOLOGY CORREDOR OL	electrodomesticos-y-tecnologia	EL RECREO
POLLO GUS	gastronomia	EL RECREO
POINT TECHNOLOGY CORREDOR N	electrodomesticos-y-tecnologia	EL RECREO
PIZZA HUT	gastronomia	EL RECREO
PINTO	moda	EL RECREO
PICAL	moda	EL RECREO
PHARMACY’S	salud-y-belleza	EL RECREO
PEQUEÑITOS	moda	EL RECREO
PEKE´S SHOES	calzado	EL RECREO
PAZ ROMERO TECNOLOGÍA	electrodomesticos-y-tecnologia	EL RECREO
PAYLESS SHOESOURCE	calzado	EL RECREO
PAYLESS SHOESOURCE	calzado	EL RECREO
PASA OUTLET	moda	EL RECREO
PASA	moda	EL RECREO
PAPA JOHN’S CORREDOR Q	gastronomia	EL RECREO
PAPA JOHN’S CORREDOR I	gastronomia	EL RECREO
PAPA JOHN’S	gastronomia	EL RECREO
PANADERÍA Y PASTELERÍA LA UNIÓN	gastronomia	EL RECREO
PALACIO DEL CINTURÓN	moda	EL RECREO
PA’NIÑOS	moda	EL RECREO
ORVE HOGAR	electrodomesticos-y-tecnologia	EL RECREO
ORVE HOGAR	electrodomesticos-y-tecnologia	EL RECREO
ORVE HOGAR	electrodomesticos-y-tecnologia	EL RECREO
OPTIMODA	moda	EL RECREO
GMO	opticas	EL RECREO
GMO	opticas	EL RECREO
ÓPTICA LOS ANDES	opticas	EL RECREO
ÓPTICA LOS ANDES	opticas	EL RECREO
ONLY NATURAL ISLA	salud-y-belleza	EL RECREO
ONLY NATURAL	salud-y-belleza	EL RECREO
OLD BRAIN	vehiculos	EL RECREO
ODONTOCENTER	salud-y-belleza	EL RECREO
NOVOA IMPORTADORA	hogar-y-decoracion	EL RECREO
NOVICOMPU SUB SUELO 1	hogar-y-decoracion	EL RECREO
NOVICOMPU CORREDOR OL	hogar-y-decoracion	EL RECREO
NOVACELL	electrodomesticos-y-tecnologia	EL RECREO
NEPAL	moda	EL RECREO
NATURAL VITALITY	salud-y-belleza	EL RECREO
MENESTRAS DEL NEGRO	gastronomia	EL RECREO
MENESTRAS DEL NEGRO	gastronomia	EL RECREO
MARTINIZING	servicios	EL RECREO
MARCELO	calzado	EL RECREO
MARATHON SPORT	deportes	EL RECREO
MACHLER	hogar-y-decoracion	EL RECREO
LOS MOTES DE LA MAGDALENA	gastronomia	EL RECREO
LOS CEBICHES DE LA RUMIÑAHUI	gastronomia	EL RECREO
LLUVIA D´ BENDICIONES	librerias	EL RECREO
LILI PINK	lenceria	EL RECREO
LIBRERÍA ESPAÑOLA	librerias	EL RECREO
LEKKA LEKKA	gastronomia	EL RECREO
LEE	moda	EL RECREO
LAS PALMERAS	gastronomia	EL RECREO
LA TABLITA DEL TÁRTARO ACCESO 1	gastronomia	EL RECREO
LA TABLITA DEL TÁRTARO PATIO DE COMIDAS	gastronomia	EL RECREO
LA TABLITA DEL TÁRTARO PLAZA DE COMIDAS	gastronomia	EL RECREO
LA QUÍMICA	servicios	EL RECREO
LA CAMARONERA	gastronomia	EL RECREO
KYWI SUPERCENTRO FERRETERO	supermercados-y-ferreterias	EL RECREO
KORU JOYAS	joyerias	EL RECREO
KOI SUSHI HOUSE	gastronomia	EL RECREO
KOBE	gastronomia	EL RECREO
KOAJ Corredor P	moda	EL RECREO
KAO SPORT	deportes	EL RECREO
KALOS ESTÉTICA	salud-y-belleza	EL RECREO
JUGUETÓN	juguetes	EL RECREO
JUAN VALDEZ CAFÉ	gastronomia	EL RECREO
JEAN UP	moda	EL RECREO
JAHER	electrodomesticos-y-tecnologia	EL RECREO
INKA BURGER	gastronomia	EL RECREO
IL CAPPO DI MANGI	gastronomia	EL RECREO
NOVEDADES CHRIS PAL	hogar-y-decoracion	EL RECREO
DERICK	moda	EL RECREO
GAMES CORP	electrodomesticos-y-tecnologia	EL RECREO
GAIA MANICURE CORREDOR A	salud-y-belleza	EL RECREO
FYBECA 24 HORAS	salud-y-belleza	EL RECREO
FYBECA	salud-y-belleza	EL RECREO
FUNDACIÓN VISUAL	opticas	EL RECREO
FULL SOLUTION	servicios	EL RECREO
FRANCEL & VIANCA	salud-y-belleza	EL RECREO
FRUTERIA MONSERRATE	gastronomia	EL RECREO
FRANCEL & VIANCA	salud-y-belleza	EL RECREO
FLIP GIRLS	moda	EL RECREO
FLIP	moda	EL RECREO
FIVE STAR	lenceria	EL RECREO
FATTO	calzado	EL RECREO
FASHION JEANS	moda	EL RECREO
FARMACIAS ECONÓMICAS	salud-y-belleza	EL RECREO
FARMACIAS SANA SANA	salud-y-belleza	EL RECREO
FARMACIAS SANA SANA	salud-y-belleza	EL RECREO
FARMACIAS CRUZ AZUL	salud-y-belleza	EL RECREO
FARMACIA MEDICITY	salud-y-belleza	EL RECREO
FABRICUERO	moda	EL RECREO
ETAFASHION	moda	EL RECREO
EROTIK SEX SHOP	lenceria	EL RECREO
EQUIPOS COTOPAXI	deportes	EL RECREO
EMPRESA ELÉCTRICA QUITO	servicios	EL RECREO
ELLA & YO	calzado	EL RECREO
ELECTRÓN TR SHOP	electrodomesticos-y-tecnologia	EL RECREO
EL FORASTERO	gastronomia	EL RECREO
EL ESPAÑOL	gastronomia	EL RECREO
EL ALCE	moda	EL RECREO
EFECE NOVEDADES	moda	EL RECREO
EDWINS JR	moda	EL RECREO
ECUABET	servicios	EL RECREO
DT TECHNOLOGY	electrodomesticos-y-tecnologia	EL RECREO
DT TECHNOLOGY	electrodomesticos-y-tecnologia	EL RECREO
DT TECHNOLOGY	electrodomesticos-y-tecnologia	EL RECREO
DT TECHNOLOGY	electrodomesticos-y-tecnologia	EL RECREO
DOCU HOGAR	electrodomesticos-y-tecnologia	EL RECREO
DIVAS Y DIVINAS	calzado	EL RECREO
DIRECTV	servicios	EL RECREO
DIPASO	salud-y-belleza	EL RECREO
DIMAS	calzado	EL RECREO
DIMAS	calzado	EL RECREO
DIMAS	calzado	EL RECREO
DIAFOOT	calzado	EL RECREO
DE PRATI	moda	EL RECREO
DAYANA BOUTIQUE	moda	EL RECREO
BOYACÁ HOME	hogar-y-decoracion	EL RECREO
GLORIA SALTOS	salud-y-belleza	EL RECREO
GAMERS	electrodomesticos-y-tecnologia	EL RECREO
DUNKIN DONUTS	gastronomia	EL RECREO
DEPORTIVISIMO	moda	EL RECREO
AURA SKIN	salud-y-belleza	EL RECREO
DELBANK	instituciones-financieras	EL RECREO
CREPERÍA EL MEDIODÍA ISLA	gastronomia	EL RECREO
CREPERÍA EL MEDIODÍA	gastronomia	EL RECREO
CREACIONES VANITEX JOYERIA	joyerias	EL RECREO
COYOTE JEANS	moda	EL RECREO
COOPERATIVA JEP	instituciones-financieras	EL RECREO
COOPERATIVA 29 DE OCTUBRE	instituciones-financieras	EL RECREO
CONSORCIO DEL PICHINCHA	instituciones-financieras	EL RECREO
COMPUTRON	electrodomesticos-y-tecnologia	EL RECREO
COMISARIATO DE LOS LENTES	opticas	EL RECREO
COMERCIAL SOLIS	electrodomesticos-y-tecnologia	EL RECREO
COLINEAL	hogar-y-decoracion	EL RECREO
CHEF CHOY	gastronomia	EL RECREO
CHAIDE	hogar-y-decoracion	EL RECREO
CH FARINA	gastronomia	EL RECREO
CENTRO VISIÓN	opticas	EL RECREO
CEJAS PERFECTAS EYEBROW	salud-y-belleza	EL RECREO
CASA RES	gastronomia	EL RECREO
CARAVANA FAST FOOD	gastronomia	EL RECREO
CANDY	gastronomia	EL RECREO
CANDY	gastronomia	EL RECREO
CAMISERÍA INGLESA	moda	EL RECREO
CALZADO GARCIA	calzado	EL RECREO
CALZADO GAMO´S	calzado	EL RECREO
CAJUN	gastronomia	EL RECREO
HELADERÍA MC DONALD’S	gastronomia	EL RECREO
MAVESA	vehiculos	EL RECREO
BANCO GUAYAQUIL	instituciones-financieras	EL RECREO
BODEGA DEPORTIVA	deportes	EL RECREO
BLUE PHONE	electrodomesticos-y-tecnologia	EL RECREO
BLACKPHONE STORE	electrodomesticos-y-tecnologia	EL RECREO
BE TECHNOLOGY	electrodomesticos-y-tecnologia	EL RECREO
BE COOL	moda	EL RECREO
JACQUELINE	salud-y-belleza	EL RECREO
BATA	calzado	EL RECREO
BARRIO DIVINO NIÑO	varios	EL RECREO
BARBERS	salud-y-belleza	EL RECREO
BANCO PROCREDIT	instituciones-financieras	EL RECREO
BANCO PICHINCHA	instituciones-financieras	EL RECREO
BANCO DE MACHALA	instituciones-financieras	EL RECREO
BANCO DEL PACÍFICO	instituciones-financieras	EL RECREO
BANCO BOLIVARIANO	instituciones-financieras	EL RECREO
AY’ KARAMBA	varios	EL RECREO
ANGELS AND DEMONS	varios	EL RECREO
COOPERATIVA ANDALUCÍA LTDA.	instituciones-financieras	EL RECREO
AMERICAN DELI	gastronomia	EL RECREO
AMERICAN DELI	gastronomia	EL RECREO
ALMACENES JAPÓN	electrodomesticos-y-tecnologia	EL RECREO
AMERICAN CLASSICS	moda	EL RECREO
ALE	lenceria	EL RECREO
ALMACENES ESTUARDO SÁNCHEZ	hogar-y-decoracion	EL RECREO
ADRISSA	moda	EL RECREO
AC HOME	hogar-y-decoracion	EL RECREO
ABISMO	varios	EL RECREO
ARTEFACTA CORREDOR Q	electrodomesticos-y-tecnologia	EL RECREO
ARTEFACTA CORREDOR H	electrodomesticos-y-tecnologia	EL RECREO
ANDY DISTRIBUIDORA	varios	EL RECREO
ALMACENES JAPÓN	electrodomesticos-y-tecnologia	EL RECREO
ALMACENES FAMILIAR	electrodomesticos-y-tecnologia	EL RECREO
AGUIRRE IMPORTADORA	electrodomesticos-y-tecnologia	EL RECREO
MUNDO MÁGICO DE LA MASCOTA	mascotas	EL RECREO
MARCIMEX	hogar-y-decoracion	EL RECREO
JAMES	moda	EL RECREO
DECAMERON	servicios	EL RECREO
FUN HOUSE	entretenimiento	EL RECREO
CROISSANT LOVER’S CAFÉ	gastronomia	EL RECREO
CONECA	vehiculos	EL RECREO
CLARO ISLA	servicios	EL RECREO
ANETA	servicios	EL RECREO
Explorer	moda	EL RECREO
