LOCAL	CENTRO COMERCIAL	CATEGORIA
Accesoria	MALL DEL SOL	Accesorios
Adidas	MALL DEL SOL	Deporte y Fitness
Adrissa	MALL DEL SOL	Moda
Advance	MALL DEL SOL	Electro y Tecnología
Aeropostale	MALL DEL SOL	Accesorios
Aldo	MALL DEL SOL	Accesorios
American Deli	MALL DEL SOL	Gastronomía
American Eagle	MALL DEL SOL	Moda
Armani Exchange	MALL DEL SOL	Moda
Artefacta	MALL DEL SOL	Electro y Tecnología
Autotop	MALL DEL SOL	Servicios
BakeHouse	MALL DEL SOL	Gastronomía
Banco Bolivariano	MALL DEL SOL	Servicios
Banco del Austro	MALL DEL SOL	Servicios
Banco del Pacífico	MALL DEL SOL	Servicios
Banco Guayaquil	MALL DEL SOL	Servicios
Banco Pichincha	MALL DEL SOL	Servicios
Banco solidario	MALL DEL SOL	Servicios
Baskin Robbins – Cinnabon	MALL DEL SOL	Gastronomía
Bassa	MALL DEL SOL	Salud y Belleza
Bassil	MALL DEL SOL	Moda
Bath & Body Works	MALL DEL SOL	Salud y Belleza
Bebemundo	MALL DEL SOL	Moda
Below Zero	MALL DEL SOL	Gastronomía
Biscuits By Nané	MALL DEL SOL	Gastronomía
Boato	MALL DEL SOL	Accesorios
Bocao	MALL DEL SOL	Gastronomía
Bocao	MALL DEL SOL	Gastronomía
Bruval	MALL DEL SOL	Libros, Papelería y Regalos
Bubble Tea	MALL DEL SOL	Gastronomía
Buffalo's Grill	MALL DEL SOL	Gastronomía
Burbujas Beauty Shop	MALL DEL SOL	Salud y Belleza
Burger King	MALL DEL SOL	Gastronomía
Cabellos del Sol	MALL DEL SOL	Salud y Belleza
Cabellos del Sol For Men	MALL DEL SOL	Salud y Belleza
Cajún	MALL DEL SOL	Gastronomía
Call It Spring	MALL DEL SOL	Accesorios
Calvin Klein	MALL DEL SOL	Moda
Camila Viali	MALL DEL SOL	Moda
Caramel	MALL DEL SOL	Gastronomía
Casa Mia	MALL DEL SOL	Gastronomía
Casa Res	MALL DEL SOL	Gastronomía
Cayetana	MALL DEL SOL	Gastronomía
Cell Shop	MALL DEL SOL	Electro y Tecnología
Cellairis	MALL DEL SOL	Electro y Tecnología
Celulartech	MALL DEL SOL	Electro y Tecnología
Celumania	MALL DEL SOL	Electro y Tecnología
Cervantes Music Store	MALL DEL SOL	Instrumentos y Accesorios Musicales
Chaide	MALL DEL SOL	Hogar y Decoración
Chevignon	MALL DEL SOL	Moda
Chevy Plan	MALL DEL SOL	Servicios
Chiquimar	MALL DEL SOL	Libros, Papelería y Regalos
Chokolat	MALL DEL SOL	Gastronomía
Chop Chops	MALL DEL SOL	Gastronomía
Churrin Churron - Go Green	MALL DEL SOL	Gastronomía
City Pet	MALL DEL SOL	Mascotas
Clarks	MALL DEL SOL	Accesorios
Claro	MALL DEL SOL	Servicios
Cloud's Cookies	MALL DEL SOL	Gastronomía
CNT	MALL DEL SOL	Servicios
Co cooking	MALL DEL SOL	Gastronomía
Comal	MALL DEL SOL	Gastronomía
Consorcio Pichincha	MALL DEL SOL	Servicios
Converse	MALL DEL SOL	Moda
Coop 9 de Abril	MALL DEL SOL	Servicios
Crecos	MALL DEL SOL	Electro y Tecnología
Criquikids	MALL DEL SOL	Accesorios
Crocs	MALL DEL SOL	Accesorios
Cruz Roja	MALL DEL SOL	Servicios
D´Plata & Complements	MALL DEL SOL	Accesorios
D'pisar	MALL DEL SOL	Accesorios
Dela Crem	MALL DEL SOL	Gastronomía
Dipaso	MALL DEL SOL	Salud y Belleza
Dipiur	MALL DEL SOL	Accesorios
DMujeres	MALL DEL SOL	Salud y Belleza
Dolce Incontro	MALL DEL SOL	Gastronomía
Dolce Latte	MALL DEL SOL	Gastronomía
Don Camarón	MALL DEL SOL	Gastronomía
Don Parrilla	MALL DEL SOL	Gastronomía
Dr Pie	MALL DEL SOL	Accesorios
Dunkin' Donuts	MALL DEL SOL	Gastronomía
EDCA	MALL DEL SOL	Moda
EDCA Sports	MALL DEL SOL	Deporte y Fitness
Él	MALL DEL SOL	Moda
El Corral	MALL DEL SOL	Gastronomía
El Español	MALL DEL SOL	Gastronomía
El Torito Parrillero	MALL DEL SOL	Gastronomía
El Universo	MALL DEL SOL	Servicios
Empanadas de Paco	MALL DEL SOL	Gastronomía
Encantería	MALL DEL SOL	Gastronomía
Epk	MALL DEL SOL	Moda
Etafashion	MALL DEL SOL	Moda
Excellent	MALL DEL SOL	Moda
Explorer	MALL DEL SOL	Deporte y Fitness
Fájate	MALL DEL SOL	Moda
Family Place	MALL DEL SOL	Entretenimiento
Fantasias del Conquistador	MALL DEL SOL	Libros, Papelería y Regalos
Folklore	MALL DEL SOL	Gastronomía
Fossil	MALL DEL SOL	Accesorios
Freshii	MALL DEL SOL	Gastronomía
Fujistore	MALL DEL SOL	Electro y Tecnología
Funky Fish	MALL DEL SOL	Accesorios
Fybeca	MALL DEL SOL	Salud y Belleza
GAP	MALL DEL SOL	Moda
Garmin	MALL DEL SOL	Accesorios
Get in	MALL DEL SOL	Moda
Gloria Saltos	MALL DEL SOL	Salud y Belleza
Gloss Beauty Shop	MALL DEL SOL	Salud y Belleza
GreenFrost	MALL DEL SOL	Gastronomía
Guayakill Roller Shop	MALL DEL SOL	Deporte y Fitness
H&M	MALL DEL SOL	Moda
Hallmark	MALL DEL SOL	Accesorios
Happy Cel	MALL DEL SOL	Electro y Tecnología
Head	MALL DEL SOL	Accesorios
Helados McDonald´s PA	MALL DEL SOL	Gastronomía
Helados McDonald´s PB	MALL DEL SOL	Gastronomía
Honor	MALL DEL SOL	Electro y Tecnología
Ikura	MALL DEL SOL	Gastronomía
Il Cappo Di Mangi	MALL DEL SOL	Gastronomía
Imaginar	MALL DEL SOL	Hogar y Decoración
Indie	MALL DEL SOL	Moda
Italian Deli	MALL DEL SOL	Gastronomía
Jansport	MALL DEL SOL	Accesorios
Japon Tech	MALL DEL SOL	Electro y Tecnología
Joyería Marthita	MALL DEL SOL	Accesorios
Juan Valdez Café	MALL DEL SOL	Gastronomía
Juguetón	MALL DEL SOL	Entretenimiento
Kchinitas	MALL DEL SOL	Moda
KFC	MALL DEL SOL	Gastronomía
Koaj	MALL DEL SOL	Moda
Kobe	MALL DEL SOL	Gastronomía
Koko Cool	MALL DEL SOL	Gastronomía
Krispy Kreme	MALL DEL SOL	Gastronomía
Kywi	MALL DEL SOL	Hogar y Decoración
L Occitane	MALL DEL SOL	Salud y Belleza
La Gran Vía	MALL DEL SOL	Moda
La Isla de la Plata	MALL DEL SOL	Accesorios
Laboratorios Luque	MALL DEL SOL	Salud y Belleza
Labrada Nutrition	MALL DEL SOL	Deporte y Fitness
Las Fragancias	MALL DEL SOL	Salud y Belleza
Le Croissant	MALL DEL SOL	Gastronomía
Lee	MALL DEL SOL	Moda
Lemaler	MALL DEL SOL	Moda
Leonisa	MALL DEL SOL	Moda
Levi´s	MALL DEL SOL	Moda
LG	MALL DEL SOL	Electro y Tecnología
Lili Pink	MALL DEL SOL	Moda
Little Italy	MALL DEL SOL	Gastronomía
Lotería Nacional	MALL DEL SOL	Entretenimiento
Lu by Lolita	MALL DEL SOL	Moda
MAC	MALL DEL SOL	Salud y Belleza
Majadero	MALL DEL SOL	Gastronomía
Mami-T	MALL DEL SOL	Gastronomía
Marathon Sports	MALL DEL SOL	Deporte y Fitness
Martinizing	MALL DEL SOL	Servicios
Maxitec	MALL DEL SOL	Electro y Tecnología
Maybelline	MALL DEL SOL	Salud y Belleza
Mayflower	MALL DEL SOL	Gastronomía
McDonald’s	MALL DEL SOL	Gastronomía
ME by Erika Vélez	MALL DEL SOL	Salud y Belleza
Megamaxi	MALL DEL SOL	Supermercados
Miniso	MALL DEL SOL	Hogar y Decoración
Mochi	MALL DEL SOL	Accesorios
Movistar	MALL DEL SOL	Servicios
Mr Books	MALL DEL SOL	Libros, Papelería y Regalos
Mr. Joy	MALL DEL SOL	Entretenimiento
Multicines	MALL DEL SOL	Entretenimiento
Munky	MALL DEL SOL	Gastronomía
Natural Vitality	MALL DEL SOL	Deporte y Fitness
Naturíssimo PA	MALL DEL SOL	Gastronomía
Naturíssimo PB	MALL DEL SOL	Gastronomía
Nazar	MALL DEL SOL	Gastronomía
Netlife	MALL DEL SOL	Servicios
New Era	MALL DEL SOL	Moda
Nicole Pastry Arts	MALL DEL SOL	Gastronomía
Nike	MALL DEL SOL	Deporte y Fitness
Noe	MALL DEL SOL	Gastronomía
Noperti	MALL DEL SOL	Hogar y Decoración
Oakberry	MALL DEL SOL	Gastronomía
Old Navy	MALL DEL SOL	Moda
Only Natural	MALL DEL SOL	Deporte y Fitness
Óptica Los Andes	MALL DEL SOL	Accesorios
Ópticas GMO	MALL DEL SOL	Accesorios
Optimoda	MALL DEL SOL	Moda
Optimoda Plus	MALL DEL SOL	Moda
Ostrapac	MALL DEL SOL	Gastronomía
Pandora	MALL DEL SOL	Accesorios
Parfois	MALL DEL SOL	Accesorios
Pasa	MALL DEL SOL	Moda
Pasta y Basta	MALL DEL SOL	Gastronomía
Pasteles & Compañía	MALL DEL SOL	Gastronomía
PatPrimo	MALL DEL SOL	Moda
Payless	MALL DEL SOL	Accesorios
Penguin	MALL DEL SOL	Moda
Pensamientos	MALL DEL SOL	Libros, Papelería y Regalos
Pepe Pez	MALL DEL SOL	Gastronomía
Perfumería BIBIS	MALL DEL SOL	Salud y Belleza
Perfumes Factory	MALL DEL SOL	Salud y Belleza
Perry Ellis	MALL DEL SOL	Moda
Pharmacys	MALL DEL SOL	Salud y Belleza
Pibes	MALL DEL SOL	Salud y Belleza
Pical	MALL DEL SOL	Moda
Pinto	MALL DEL SOL	Moda
Pizza Hut	MALL DEL SOL	Gastronomía
Pizzaiola	MALL DEL SOL	Gastronomía
Plumas y Bolígrafos	MALL DEL SOL	Libros, Papelería y Regalos
Polimundo	MALL DEL SOL	Servicios
Polipapel	MALL DEL SOL	Libros, Papelería y Regalos
Pollo Campero	MALL DEL SOL	Gastronomía
Pop Case	MALL DEL SOL	Electro y Tecnología
Produbanco Grupo Promerica	MALL DEL SOL	Servicios
Psycho Bunny	MALL DEL SOL	Moda
Pycca	MALL DEL SOL	Hogar y Decoración
Queen	MALL DEL SOL	Accesorios
Quiksilver	MALL DEL SOL	Moda
Reebok	MALL DEL SOL	Deporte y Fitness
Registro Civil	MALL DEL SOL	Servicios
Riccolo	MALL DEL SOL	Gastronomía
Riviera del Río	MALL DEL SOL	Servicios
Rob Jon Burritos	MALL DEL SOL	Gastronomía
Roland	MALL DEL SOL	Moda
Salud SA	MALL DEL SOL	Salud y Belleza
Salud y Fitness	MALL DEL SOL	Deporte y Fitness
Samsung	MALL DEL SOL	Electro y Tecnología
Secretos para el Baño	MALL DEL SOL	Salud y Belleza
Seitea	MALL DEL SOL	Gastronomía
Seven·Seven	MALL DEL SOL	Moda
Shiatsu Masajes	MALL DEL SOL	Salud y Belleza
Shield Mobile	MALL DEL SOL	Electro y Tecnología
Shoe Box	MALL DEL SOL	Accesorios
SIE7E	MALL DEL SOL	Moda
Skechers	MALL DEL SOL	Moda
Slime Addiction	MALL DEL SOL	Entretenimiento
Smart Fit Ecuador	MALL DEL SOL	Deporte y Fitness
Sony	MALL DEL SOL	Electro y Tecnología
Sportbet	MALL DEL SOL	Entretenimiento
Spot	MALL DEL SOL	Electro y Tecnología
Stefanie	MALL DEL SOL	Moda
Steren	MALL DEL SOL	Electro y Tecnología
Steve Madden	MALL DEL SOL	Moda
Strikes	MALL DEL SOL	Entretenimiento
Studio F	MALL DEL SOL	Moda
Sukasa	MALL DEL SOL	Hogar y Decoración
Sunglass Hut	MALL DEL SOL	Accesorios
Super Paco	MALL DEL SOL	Libros, Papelería y Regalos
Sweet & Coffee	MALL DEL SOL	Gastronomía
Tania	MALL DEL SOL	Gastronomía
TATY	MALL DEL SOL	Moda
Teleshop	MALL DEL SOL	Moda
Tennis	MALL DEL SOL	Moda
The Athlete´s Foot	MALL DEL SOL	Deporte y Fitness
Think	MALL DEL SOL	Electro y Tecnología
Tiempo de Juegos	MALL DEL SOL	Entretenimiento
Tiempo de Juegos	MALL DEL SOL	Entretenimiento
Todo Típico	MALL DEL SOL	Gastronomía
Tommy Hilfiger	MALL DEL SOL	Moda
Totto	MALL DEL SOL	Accesorios
Tuenti	MALL DEL SOL	Servicios
Tventas	MALL DEL SOL	Electro y Tecnología
Under Armour	MALL DEL SOL	Deporte y Fitness
US Polo	MALL DEL SOL	Moda
Usaflex	MALL DEL SOL	Moda
Vasari Mozioni	MALL DEL SOL	Accesorios
Veris	MALL DEL SOL	Salud y Belleza
Victoria´s Secret	MALL DEL SOL	Moda
Viva Beauty	MALL DEL SOL	Salud y Belleza
Watch Plus	MALL DEL SOL	Accesorios
Watch World	MALL DEL SOL	Accesorios
Western Union	MALL DEL SOL	Servicios
Xiaomi Store Ecuador	MALL DEL SOL	Electro y Tecnología
Young Living	MALL DEL SOL	Salud y Belleza
Yves Rocher	MALL DEL SOL	Salud y Belleza
