CENTRO COMERCIAL	LOCAL	CATEGORIA
MALL DEL PACÍFICO	JUGUETON	entretenimiento
MALL DEL PACÍFICO	LOTERÍA NACIONAL	entretenimiento
MALL DEL PACÍFICO	MR BOOKS	entretenimiento
MALL DEL PACÍFICO	SAFARY ISLAND	entretenimiento
MALL DEL PACÍFICO	MELANIE ACCESORIOS	entretenimiento
MALL DEL PACÍFICO	B&E ROUGE ACCESORIOS	entretenimiento
MALL DEL PACÍFICO	RG ACCESORIOS	accesorios
MALL DEL PACÍFICO	GAMES MANTA	entretenimiento
MALL DEL PACÍFICO	IQUIT BY VAPOR	entretenimiento
MALL DEL PACÍFICO	MY CASE	entretenimiento
MALL DEL PACÍFICO	JUAN VALDEZ	gastronomia
MALL DEL PACÍFICO	TOFFEE	gastronomia
MALL DEL PACÍFICO	PANADONAS	gastronomia
MALL DEL PACÍFICO	AMERICAN DELI	gastronomia
MALL DEL PACÍFICO	TROPIBURGER	gastronomia
MALL DEL PACÍFICO	LAS EMPANADAS DE PACO	gastronomia
MALL DEL PACÍFICO	CASA RES	gastronomia
MALL DEL PACÍFICO	KOBE	gastronomia
MALL DEL PACÍFICO	LOS CEBICHES DE LA RUMIÑAHUI	gastronomia
MALL DEL PACÍFICO	MUNNAI	gastronomia
MALL DEL PACÍFICO	CREPERIA AL MEDIO DIA	gastronomia
MALL DEL PACÍFICO	TUTTO FREDDO	gastronomia
MALL DEL PACÍFICO	BASKIN ROBBINS	gastronomia
MALL DEL PACÍFICO	BURGER KING	gastronomia
MALL DEL PACÍFICO	CAJUN	gastronomia
MALL DEL PACÍFICO	LA TABLITA DEL TARTARO	gastronomia
MALL DEL PACÍFICO	COCO EXPRESS	gastronomia
MALL DEL PACÍFICO	KFC	gastronomia
MALL DEL PACÍFICO	MENESTRAS DEL NEGRO	gastronomia
MALL DEL PACÍFICO	MAYFLOWER	gastronomia
MALL DEL PACÍFICO	DULCE Y CREMOSO	gastronomia
MALL DEL PACÍFICO	EL ESPAÑOL	gastronomia
MALL DEL PACÍFICO	PIZZA HUT	gastronomia
MALL DEL PACÍFICO	MACARON	gastronomia
MALL DEL PACÍFICO	DE PRATI HOGAR	electrodomesticos-y-tecnologia
MALL DEL PACÍFICO	MARÍA JOSÉ ZAMBRANO	accesorios
MALL DEL PACÍFICO	TODO HOGAR	electrodomesticos-y-tecnologia
MALL DEL PACÍFICO	CRECOS	electrodomesticos-y-tecnologia
MALL DEL PACÍFICO	SMART BUY	electrodomesticos-y-tecnologia
MALL DEL PACÍFICO	ESTUARDO SANCHEZ	electrodomesticos-y-tecnologia
MALL DEL PACÍFICO	CHAIDE & CHAIDE	electrodomesticos-y-tecnologia
MALL DEL PACÍFICO	TVENTAS	electrodomesticos-y-tecnologia
MALL DEL PACÍFICO	PYCCA	electrodomesticos-y-tecnologia
MALL DEL PACÍFICO	ORGANIC SHOP	electrodomesticos-y-tecnologia
MALL DEL PACÍFICO	EXOTICA	moda
MALL DEL PACÍFICO	THE ATHLET´S FOOT	moda
MALL DEL PACÍFICO	BATA	moda
MALL DEL PACÍFICO	MARITIM	moda
MALL DEL PACÍFICO	ROMEO JOYERÍA	moda
MALL DEL PACÍFICO	TENNIS	moda
MALL DEL PACÍFICO	OPTIMODA	moda
MALL DEL PACÍFICO	RB	moda
MALL DEL PACÍFICO	Patprimo	moda
MALL DEL PACÍFICO	Seven & Seven	moda
MALL DEL PACÍFICO	MONA	moda
MALL DEL PACÍFICO	AEROPOSTALE	moda
MALL DEL PACÍFICO	BUBBLE GUMMERS	moda
MALL DEL PACÍFICO	FOXER	moda
MALL DEL PACÍFICO	CALVIN KLEIN	moda
MALL DEL PACÍFICO	UOMO VENETTO	moda
MALL DEL PACÍFICO	TOMMY HILFIGER	moda
MALL DEL PACÍFICO	LEE	moda
MALL DEL PACÍFICO	HEAD	moda
MALL DEL PACÍFICO	QUIKSILVER DC	moda
MALL DEL PACÍFICO	MARATHON	moda
MALL DEL PACÍFICO	PAYLESS	moda
MALL DEL PACÍFICO	MIC	moda
MALL DEL PACÍFICO	DIPIUR	moda
MALL DEL PACÍFICO	K-RAMBA	moda
MALL DEL PACÍFICO	SUPER ÉXITO	moda
MALL DEL PACÍFICO	KOAJ	moda
MALL DEL PACÍFICO	BEBEMUNDO	moda
MALL DEL PACÍFICO	FÁJATE	moda
MALL DEL PACÍFICO	RM	moda
MALL DEL PACÍFICO	BOATO	moda
MALL DEL PACÍFICO	WATCH WORLD	accesorios
MALL DEL PACÍFICO	TATY	moda
MALL DEL PACÍFICO	CROCS	moda
MALL DEL PACÍFICO	SKECHERS	moda
MALL DEL PACÍFICO	PASA	moda
MALL DEL PACÍFICO	PICAL	moda
MALL DEL PACÍFICO	ACIUM	moda
MALL DEL PACÍFICO	ETAFASHION	moda
MALL DEL PACÍFICO	SIETE	moda
MALL DEL PACÍFICO	NAF NAF	moda
MALL DEL PACÍFICO	ROLAND	moda
MALL DEL PACÍFICO	PINTO	moda
MALL DEL PACÍFICO	COLUMBIA	moda
MALL DEL PACÍFICO	TELESHOP	moda
MALL DEL PACÍFICO	TOTTO	moda
MALL DEL PACÍFICO	PSYCHO BUNNY	moda
MALL DEL PACÍFICO	LILI PINK	moda
MALL DEL PACÍFICO	LC WAIKIKI	moda
MALL DEL PACÍFICO	LAS FRAGANCIAS	supermercados-y-ferreterias
MALL DEL PACÍFICO	ZAMVER JOYERÍA	accesorios
MALL DEL PACÍFICO	GUILLERMO VAZQUEZ	moda
MALL DEL PACÍFICO	VASARI & MOZZIONI	moda
MALL DEL PACÍFICO	PERFUMES FACTORY	accesorios
MALL DEL PACÍFICO	DIRO	moda
MALL DEL PACÍFICO	KAO SPORT CENTER	moda
MALL DEL PACÍFICO	FUNKY FISH	moda
MALL DEL PACÍFICO	CHEVIGNON	moda
MALL DEL PACÍFICO	DR. PIE	salud-y-belleza
MALL DEL PACÍFICO	SHIATSU	salud-y-belleza
MALL DEL PACÍFICO	OPTICA LOS ANDES	accesorios
MALL DEL PACÍFICO	ELEGANCE	salud-y-belleza
MALL DEL PACÍFICO	SIME	salud-y-belleza
MALL DEL PACÍFICO	CRUZ AZUL – FARMACIAS	salud-y-belleza
MALL DEL PACÍFICO	ONLY NATURAL	salud-y-belleza
MALL DEL PACÍFICO	DIPASO	salud-y-belleza
MALL DEL PACÍFICO	SMART FIT	entretenimiento
MALL DEL PACÍFICO	FARMACIAS MEDICITY	salud-y-belleza
MALL DEL PACÍFICO	NATURAL VITALITY	salud-y-belleza
MALL DEL PACÍFICO	SYF	salud-y-belleza
MALL DEL PACÍFICO	MONTERO	electrodomesticos-y-tecnologia
MALL DEL PACÍFICO	GMO	accesorios
MALL DEL PACÍFICO	FYBECA	salud-y-belleza
MALL DEL PACÍFICO	Foto Max Visas	servicios
MALL DEL PACÍFICO	PRODUBANCO	zona-bancaria
MALL DEL PACÍFICO	BANCO PICHINCHA	zona-bancaria
MALL DEL PACÍFICO	XTRIM	servicios
MALL DEL PACÍFICO	WESTERN UNION	servicios
MALL DEL PACÍFICO	ANDALUCIA	servicios
MALL DEL PACÍFICO	CLARO	servicios
MALL DEL PACÍFICO	CNT	servicios
MALL DEL PACÍFICO	MOVISTAR	servicios
MALL DEL PACÍFICO	BANCO GUAYAQUIL	zona-bancaria
MALL DEL PACÍFICO	CONDELPI	servicios
MALL DEL PACÍFICO	NETLIFE	servicios
MALL DEL PACÍFICO	MUNDO MÁGICO DE LAS MASCOTAS	mascotas
MALL DEL PACÍFICO	BANCO SOLIDARIO	zona-bancaria
MALL DEL PACÍFICO	BYD	servicios
MALL DEL PACÍFICO	MUTUALISTA PICHINCHA	servicios
MALL DEL PACÍFICO	MEGAMAXI	supermercados-y-ferreterias
MALL DEL PACÍFICO	TUENTI	servicios
MALL DEL PACÍFICO	SUPER PACO	supermercados-y-ferreterias
MALL DEL PACÍFICO	MAVESA	vehiculos
