local_CC	categoria	centro_comercial
colineal	electrodomesticos-y-tecnologia	Paseo Shopping
d´plata y complements	electrodomesticos-y-tecnologia	Paseo Shopping
resiflex	electrodomesticos-y-tecnologia	Paseo Shopping
alva shoes y accesorios	moda	Paseo Shopping
american classics	moda	Paseo Shopping
cangry  store	moda	Paseo Shopping
crocs	moda	Paseo Shopping
dipiur	moda	Paseo Shopping
mic	moda	Paseo Shopping
payless shoesource	moda	Paseo Shopping
taty botique	moda	Paseo Shopping
usaflex	moda	Paseo Shopping
american classics	moda	Paseo Shopping
bordalo	moda	Paseo Shopping
cangry  store	moda	Paseo Shopping
optimoda	moda	Paseo Shopping
taty botique	moda	Paseo Shopping
usaflex	moda	Paseo Shopping
vasari mozioni	moda	Paseo Shopping
café bombon´s	gastronomia	Paseo Shopping
cajun	gastronomia	Paseo Shopping
candy shop	gastronomia	Paseo Shopping
carl´s jr 	gastronomia	Paseo Shopping
coco express	gastronomia	Paseo Shopping
comida de victor	gastronomia	Paseo Shopping
crepería el mediodia	gastronomia	Paseo Shopping
dunkin donuts	gastronomia	Paseo Shopping
kfc	gastronomia	Paseo Shopping
las empanadas del paco	gastronomia	Paseo Shopping
menestras del negro	gastronomia	Paseo Shopping
naturissimo	gastronomia	Paseo Shopping
norkys	gastronomia	Paseo Shopping
pepe tucán 	gastronomia	Paseo Shopping
piqueos y moritos	gastronomia	Paseo Shopping
pizza hut	gastronomia	Paseo Shopping
boman	moda	Paseo Shopping
marathon sports	moda	Paseo Shopping
salsa shoes	moda	Paseo Shopping
syf salud y fitness	moda	Paseo Shopping
mundijuegos	entretenimiento	Paseo Shopping
supercines 	entretenimiento	Paseo Shopping
cromatika	salud-y-belleza	Paseo Shopping
d´mujeres	salud-y-belleza	Paseo Shopping
syf salud y fitness	salud-y-belleza	Paseo Shopping
verde natural	salud-y-belleza	Paseo Shopping
viva beauty	salud-y-belleza	Paseo Shopping
d´plata y complements	moda	Paseo Shopping
joyeria romero	moda	Paseo Shopping
optica los andes	moda	Paseo Shopping
optica sos	moda	Paseo Shopping
ópticas gmo	moda	Paseo Shopping
city pet	mascotas	Paseo Shopping
aeropostale	moda	Paseo Shopping
cangry  store	moda	Paseo Shopping
kiss boutique	moda	Paseo Shopping
koaj	moda	Paseo Shopping
lee	moda	Paseo Shopping
mic	moda	Paseo Shopping
mumuso	moda	Paseo Shopping
teleshop	moda	Paseo Shopping
zeppelin	moda	Paseo Shopping
pasa	moda	Paseo Shopping
pinto	moda	Paseo Shopping
american classics	moda	Paseo Shopping
optimoda	moda	Paseo Shopping
taty botique	moda	Paseo Shopping
teleshop	moda	Paseo Shopping
pasa	moda	Paseo Shopping
zeppelin	moda	Paseo Shopping
juan marcet	supermercados-y-ferreterias	Paseo Shopping
aromas y recuerdos	accesorios	Paseo Shopping
perfumes factory	accesorios	Paseo Shopping
cherry blossom	electrodomesticos-y-tecnologia	Paseo Shopping
diro	accesorios	Paseo Shopping
fossil	accesorios	Paseo Shopping
watch worid	accesorios	Paseo Shopping
bórdalo	accesorios	Paseo Shopping
book store	supermercados-y-ferreterias	Paseo Shopping
digital photo express	servicios	Paseo Shopping
pharmacy´s	salud-y-belleza	Paseo Shopping
sandali	moda	Paseo Shopping
totto 	moda	Paseo Shopping
dimo	electrodomesticos-y-tecnologia	Paseo Shopping
fulltec	electrodomesticos-y-tecnologia	Paseo Shopping
netlife	electrodomesticos-y-tecnologia	Paseo Shopping
xiaomi kiosk ecuador	electrodomesticos-y-tecnologia	Paseo Shopping
claro	electrodomesticos-y-tecnologia	Paseo Shopping
cnt	electrodomesticos-y-tecnologia	Paseo Shopping
movistar	electrodomesticos-y-tecnologia	Paseo Shopping
tuenti	electrodomesticos-y-tecnologia	Paseo Shopping
my case	electrodomesticos-y-tecnologia	Paseo Shopping
hipermarket	supermercados-y-ferreterias	Paseo Shopping
sweet and fit	gastronomia	Mall de los Andes
bogati	gastronomia	Mall de los Andes
inka burger	gastronomia	Mall de los Andes
yogurt persa	gastronomia	Mall de los Andes
sweet and coffe	gastronomia	Mall de los Andes
sweet and coffe isla	gastronomia	Mall de los Andes
ponchesitos co	gastronomia	Mall de los Andes
chofrus	gastronomia	Mall de los Andes
chofrus isla	gastronomia	Mall de los Andes
bobble tea	gastronomia	Mall de los Andes
donuts express	gastronomia	Mall de los Andes
donuts express isla	gastronomia	Mall de los Andes
baskin robbins	gastronomia	Mall de los Andes
amaerican deli	gastronomia	Mall de los Andes
buffalos	gastronomia	Mall de los Andes
cajun	gastronomia	Mall de los Andes
ceviches de la rumiñahui	gastronomia	Mall de los Andes
dominos	gastronomia	Mall de los Andes
el español	gastronomia	Mall de los Andes
juan valdez	gastronomia	Mall de los Andes
kfc	gastronomia	Mall de los Andes
nice cream	gastronomia	Mall de los Andes
myflower	gastronomia	Mall de los Andes
menestras del negro	gastronomia	Mall de los Andes
campero	gastronomia	Mall de los Andes
tablita del tartaro	gastronomia	Mall de los Andes
tako express	gastronomia	Mall de los Andes
tropi burger	gastronomia	Mall de los Andes
tutto freddo	gastronomia	Mall de los Andes
machler	electrodomesticos-y-tecnologia	Mall de los Andes
mr.books	electrodomesticos-y-tecnologia	Mall de los Andes
montero	electrodomesticos-y-tecnologia	Mall de los Andes
chaide	electrodomesticos-y-tecnologia	Mall de los Andes
funkyfish	electrodomesticos-y-tecnologia	Mall de los Andes
jugueton	electrodomesticos-y-tecnologia	Mall de los Andes
las fragancias	electrodomesticos-y-tecnologia	Mall de los Andes
perfumes factory	electrodomesticos-y-tecnologia	Mall de los Andes
pycca	electrodomesticos-y-tecnologia	Mall de los Andes
todo hogar	electrodomesticos-y-tecnologia	Mall de los Andes
tventas	electrodomesticos-y-tecnologia	Mall de los Andes
my dreams	moda	Mall de los Andes
miniso	moda	Mall de los Andes
crocs	moda	Mall de los Andes
plata y plata	moda	Mall de los Andes
fossil	moda	Mall de los Andes
campus	moda	Mall de los Andes
amoreco	moda	Mall de los Andes
renova	moda	Mall de los Andes
teleshop	moda	Mall de los Andes
explorer	moda	Mall de los Andes
alana	moda	Mall de los Andes
vasari - monozioni	moda	Mall de los Andes
aeropostale	moda	Mall de los Andes
babies and kids	moda	Mall de los Andes
bata	moda	Mall de los Andes
be cool aventura	moda	Mall de los Andes
camiseria inglesa	moda	Mall de los Andes
etafashion	moda	Mall de los Andes
gmo	moda	Mall de los Andes
naf naf	moda	Mall de los Andes
josephine	moda	Mall de los Andes
joyeria vasquez	moda	Mall de los Andes
lee	moda	Mall de los Andes
marathon sport	moda	Mall de los Andes
optica los andes	moda	Mall de los Andes
payless	moda	Mall de los Andes
pical	moda	Mall de los Andes
pinto	moda	Mall de los Andes
rm	moda	Mall de los Andes
roland	moda	Mall de los Andes
sport action	moda	Mall de los Andes
taty	moda	Mall de los Andes
totto	moda	Mall de los Andes
uomo venetto	moda	Mall de los Andes
vatex	moda	Mall de los Andes
whoops	moda	Mall de los Andes
bebemundo	moda	Mall de los Andes
gaes amplifon	servicios	Mall de los Andes
sana sana	servicios	Mall de los Andes
claro	servicios	Mall de los Andes
cnt	servicios	Mall de los Andes
fybeca	salud-y-belleza	Mall de los Andes
martinizing	servicios	Mall de los Andes
megamaxi	supermercados-y-ferreterias	Mall de los Andes
movistar	servicios	Mall de los Andes
super paco	supermercados-y-ferreterias	Mall de los Andes
natural vitality	servicios	Mall de los Andes
gmo	accesorios	Mall de los Andes
multicines	entretenimiento	Mall de los Andes
painting joys	electrodomesticos-y-tecnologia	Mall de los Andes
reparaciones en vivo	electrodomesticos-y-tecnologia	Mall de los Andes
loteria nacional	electrodomesticos-y-tecnologia	Mall de los Andes
fulltec	electrodomesticos-y-tecnologia	Mall de los Andes
firenze	electrodomesticos-y-tecnologia	Mall de los Andes
corsario	electrodomesticos-y-tecnologia	Mall de los Andes
cell shop	electrodomesticos-y-tecnologia	Mall de los Andes
3500	gastronomia	Paseo San Francisco
almacenes boyaca	electrodomesticos-y-tecnologia	Paseo San Francisco
arcamia	moda	Paseo San Francisco
azzar	moda	Paseo San Francisco
baransu	moda	Paseo San Francisco
buggatti	moda	Paseo San Francisco
cofre	moda	Paseo San Francisco
iqos	moda	Paseo San Francisco
ishop	moda	Paseo San Francisco
jorge bischoff zapatos	moda	Paseo San Francisco
kay	moda	Paseo San Francisco
lemaler	moda	Paseo San Francisco
marathon sports	moda	Paseo San Francisco
mas musika	moda	Paseo San Francisco
sunglass hut	moda	Paseo San Francisco
optica los andes	moda	Paseo San Francisco
polipapel	moda	Paseo San Francisco
qiruautos	moda	Paseo San Francisco
samsung	moda	Paseo San Francisco
simi	moda	Paseo San Francisco
sk	moda	Paseo San Francisco
technogym	moda	Paseo San Francisco
tennis	moda	Paseo San Francisco
thelab	moda	Paseo San Francisco
the owl	moda	Paseo San Francisco
tiempo de juegos	moda	Paseo San Francisco
uomo venetto	moda	Paseo San Francisco
vasari mozioni	moda	Paseo San Francisco
yoyoso	moda	Paseo San Francisco
ambacar	moda	Paseo San Francisco
byd	vehiculos	Paseo San Francisco
ds mavesa	vehiculos	Paseo San Francisco
ford	vehiculos	Paseo San Francisco
ford taller	vehiculos	Paseo San Francisco
land rover/jaguar	vehiculos	Paseo San Francisco
mavesa	vehiculos	Paseo San Francisco
happy moments	entretenimiento	Paseo San Francisco
multicines	entretenimiento	Paseo San Francisco
american deli	gastronomia	Paseo San Francisco
baskin-robins	gastronomia	Paseo San Francisco
burger king	gastronomia	Paseo San Francisco
cajun	gastronomia	Paseo San Francisco
casa res	gastronomia	Paseo San Francisco
cebiches de la rumiñahui	gastronomia	Paseo San Francisco
chatelain	gastronomia	Paseo San Francisco
chef choy	gastronomia	Paseo San Francisco
cinnabon	gastronomia	Paseo San Francisco
distrito federal	gastronomia	Paseo San Francisco
farmers bistro	gastronomia	Paseo San Francisco
go green	gastronomia	Paseo San Francisco
el corral	gastronomia	Paseo San Francisco
happy panda	gastronomia	Paseo San Francisco
il cappo	gastronomia	Paseo San Francisco
juan valdez	gastronomia	Paseo San Francisco
kobe	gastronomia	Paseo San Francisco
la barra	gastronomia	Paseo San Francisco
la burguesa	gastronomia	Paseo San Francisco
manqa	gastronomia	Paseo San Francisco
massa	gastronomia	Paseo San Francisco
menestras del negro	gastronomia	Paseo San Francisco
moon shawarma	gastronomia	Paseo San Francisco
noe	gastronomia	Paseo San Francisco
oakberry	gastronomia	Paseo San Francisco
poke	gastronomia	Paseo San Francisco
starbucks	gastronomia	Paseo San Francisco
tippytea	gastronomia	Paseo San Francisco
tropi burger	gastronomia	Paseo San Francisco
udon	gastronomia	Paseo San Francisco
yogurt amazonas	gastronomia	Paseo San Francisco
dream home	electrodomesticos-y-tecnologia	Paseo San Francisco
lifestyle design	electrodomesticos-y-tecnologia	Paseo San Francisco
machler	electrodomesticos-y-tecnologia	Paseo San Francisco
pycca	electrodomesticos-y-tecnologia	Paseo San Francisco
studio noa	electrodomesticos-y-tecnologia	Paseo San Francisco
bauer	moda	Paseo San Francisco
five stars	moda	Paseo San Francisco
ayuso	servicios	Paseo San Francisco
campamento canino	servicios	Paseo San Francisco
definitive	servicios	Paseo San Francisco
fashion jb	servicios	Paseo San Francisco
fybeca	salud-y-belleza	Paseo San Francisco
pet station	mascotas	Paseo San Francisco
pharmacys	salud-y-belleza	Paseo San Francisco
phisique	servicios	Paseo San Francisco
phone fix	servicios	Paseo San Francisco
quorum	servicios	Paseo San Francisco
sanapie	salud-y-belleza	Paseo San Francisco
sime	salud-y-belleza	Paseo San Francisco
skole	servicios	Paseo San Francisco
supersec	servicios	Paseo San Francisco
the cave	servicios	Paseo San Francisco
workout	servicios	Paseo San Francisco
yalobox	servicios	Paseo San Francisco
claro	servicios	Paseo San Francisco
zigzag	servicios	Paseo San Francisco
like	entretenimiento	Portal Shopping
my case	entretenimiento	Portal Shopping
movistar	entretenimiento	Portal Shopping
miniso	entretenimiento	Portal Shopping
wicca	entretenimiento	Portal Shopping
vivocell	entretenimiento	Portal Shopping
rg accesorios	entretenimiento	Portal Shopping
screap 4 fun	entretenimiento	Portal Shopping
sportbet	entretenimiento	Portal Shopping
animal adventure	entretenimiento	Portal Shopping
game on	entretenimiento	Portal Shopping
galactic games	entretenimiento	Portal Shopping
jugueton	entretenimiento	Portal Shopping
loteria nacional	entretenimiento	Portal Shopping
pizza hut	gastronomia	Portal Shopping
papa johns	gastronomia	Portal Shopping
kobe	gastronomia	Portal Shopping
kfc	gastronomia	Portal Shopping
los motes de la magdalena	gastronomia	Portal Shopping
menestras del negro	gastronomia	Portal Shopping
mcdonalds	gastronomia	Portal Shopping
tutto fredo	gastronomia	Portal Shopping
tropi burger	gastronomia	Portal Shopping
toffee	gastronomia	Portal Shopping
vaco y  vaca	gastronomia	Portal Shopping
sweet & coffee	gastronomia	Portal Shopping
snow stop	gastronomia	Portal Shopping
candy te provoca	gastronomia	Portal Shopping
cinnabon	gastronomia	Portal Shopping
baskin-robins	gastronomia	Portal Shopping
creperia mediodia	gastronomia	Portal Shopping
crepes & waffles	gastronomia	Portal Shopping
casa res	gastronomia	Portal Shopping
american deli	gastronomia	Portal Shopping
cebiches de la rumiñahui	gastronomia	Portal Shopping
juan valdez	gastronomia	Portal Shopping
tablita del tartaro	gastronomia	Portal Shopping
mayflower	gastronomia	Portal Shopping
las palmeras	gastronomia	Portal Shopping
dicos	gastronomia	Portal Shopping
el español	gastronomia	Portal Shopping
il cappo	gastronomia	Portal Shopping
dulces tradicionales	gastronomia	Portal Shopping
mi ecuador tradicional	electrodomesticos-y-tecnologia	Portal Shopping
jimenez	electrodomesticos-y-tecnologia	Portal Shopping
pycca	electrodomesticos-y-tecnologia	Portal Shopping
la ganga	electrodomesticos-y-tecnologia	Portal Shopping
tventas	electrodomesticos-y-tecnologia	Portal Shopping
chaide	electrodomesticos-y-tecnologia	Portal Shopping
crecos	electrodomesticos-y-tecnologia	Portal Shopping
artefacta	electrodomesticos-y-tecnologia	Portal Shopping
ac home	electrodomesticos-y-tecnologia	Portal Shopping
estuardo sanchez	electrodomesticos-y-tecnologia	Portal Shopping
pinto	moda	Portal Shopping
pical	moda	Portal Shopping
perfumes	moda	Portal Shopping
r/b	moda	Portal Shopping
verssato	moda	Portal Shopping
platart	moda	Portal Shopping
pequekids	moda	Portal Shopping
pasa	moda	Portal Shopping
koaj	moda	Portal Shopping
kao sports	moda	Portal Shopping
the athletes foot	moda	Portal Shopping
tejidos homer	moda	Portal Shopping
taty	moda	Portal Shopping
vasari mozioni	moda	Portal Shopping
totto	moda	Portal Shopping
tommy hilfiger	moda	Portal Shopping
roland	moda	Portal Shopping
rm	moda	Portal Shopping
romina sumek warmi	moda	Portal Shopping
super exitos	moda	Portal Shopping
skechers	moda	Portal Shopping
eta fashion	moda	Portal Shopping
cf shoes	moda	Portal Shopping
camiseria inglesa	moda	Portal Shopping
bubble gummers	moda	Portal Shopping
bata	moda	Portal Shopping
born	moda	Portal Shopping
aeropostale	moda	Portal Shopping
calvin klein	moda	Portal Shopping
igloo	moda	Portal Shopping
marathon sports	moda	Portal Shopping
lili pink	moda	Portal Shopping
lee	moda	Portal Shopping
laiart	moda	Portal Shopping
deprati	moda	Portal Shopping
funkyfish	moda	Portal Shopping
fossil	moda	Portal Shopping
dima sport	moda	Portal Shopping
dipiur	moda	Portal Shopping
edca	moda	Portal Shopping
dr. pie	moda	Portal Shopping
explorer	moda	Portal Shopping
montero	salud-y-belleza	Portal Shopping
gloria saltos	salud-y-belleza	Portal Shopping
optica de los andes	salud-y-belleza	Portal Shopping
only natural	salud-y-belleza	Portal Shopping
farmacias medicity	salud-y-belleza	Portal Shopping
salud y fitness	salud-y-belleza	Portal Shopping
smart fit ecuador	salud-y-belleza	Portal Shopping
sime	salud-y-belleza	Portal Shopping
shiatsu	salud-y-belleza	Portal Shopping
fundacion visual	salud-y-belleza	Portal Shopping
fybeca	salud-y-belleza	Portal Shopping
megamaxi	supermercados-y-ferreterias	Portal Shopping
quick tire	servicios	Portal Shopping
kywi	supermercados-y-ferreterias	Portal Shopping
kia	vehiculos	Portal Shopping
mundo magico de la mascota	mascotas	Portal Shopping
volskwagen	vehiculos	Portal Shopping
superpaco	supermercados-y-ferreterias	Portal Shopping
claro	servicios	Portal Shopping
martinizing	servicios	Portal Shopping
el granell	servicios	Portal Shopping
librimundi	supermercados-y-ferreterias	Quicentro
multicines	entretenimiento	Quicentro
accesorios celulares	entretenimiento	Quicentro
cellular box	entretenimiento	Quicentro
dji ecuador	entretenimiento	Quicentro
galactic games	entretenimiento	Quicentro
jugueton	entretenimiento	Quicentro
linea	entretenimiento	Quicentro
loteria nacional	entretenimiento	Quicentro
mobinitek	entretenimiento	Quicentro
repara tu iphone	entretenimiento	Quicentro
samsung	entretenimiento	Quicentro
sony	entretenimiento	Quicentro
tabaco y pipa	entretenimiento	Quicentro
pollo campero	gastronomia	Quicentro
deprati	moda	Quicentro
krispy kreme	gastronomia	Quicentro
nitro paradise	gastronomia	Quicentro
naturossimo	gastronomia	Quicentro
227	gastronomia	Quicentro
amatea	gastronomia	Quicentro
american deli	gastronomia	Quicentro
baskin-robins	gastronomia	Quicentro
cinnabon	gastronomia	Quicentro
burger king	gastronomia	Quicentro
cajun	gastronomia	Quicentro
casa res	gastronomia	Quicentro
charlies	gastronomia	Quicentro
corfu	gastronomia	Quicentro
creperia mediodia	gastronomia	Quicentro
crepes & waffles	gastronomia	Quicentro
cyrano	gastronomia	Quicentro
dunkin donuts	gastronomia	Quicentro
el español	gastronomia	Quicentro
tgi fridays	gastronomia	Quicentro
go green	gastronomia	Quicentro
il cappo	gastronomia	Quicentro
juan valdez	gastronomia	Quicentro
kfc	gastronomia	Quicentro
tablita del tartaro	gastronomia	Quicentro
las palmeras	gastronomia	Quicentro
los troncos	gastronomia	Quicentro
cebiches de la rumiñahui	gastronomia	Quicentro
lucia coffee shop	gastronomia	Quicentro
mayflower	gastronomia	Quicentro
menestras del negro	gastronomia	Quicentro
negroni	gastronomia	Quicentro
noe	gastronomia	Quicentro
paccari	gastronomia	Quicentro
p.f. changs	gastronomia	Quicentro
pizza hut	gastronomia	Quicentro
prot inn	gastronomia	Quicentro
republica del cacao	gastronomia	Quicentro
sweet & coffee	gastronomia	Quicentro
taconazo	gastronomia	Quicentro
vaco y vaca	gastronomia	Quicentro
wok to walk	gastronomia	Quicentro
wowy	gastronomia	Quicentro
ambiente	electrodomesticos-y-tecnologia	Quicentro
moblart	electrodomesticos-y-tecnologia	Quicentro
muy mucho	electrodomesticos-y-tecnologia	Quicentro
perfumes	moda	Quicentro
karl lagerfeld	moda	Quicentro
el ganso	moda	Quicentro
pd paola	moda	Quicentro
patagonia	moda	Quicentro
athleta	moda	Quicentro
new balance	moda	Quicentro
calvin klein	moda	Quicentro
aranjuez	moda	Quicentro
adidas	moda	Quicentro
bibi	moda	Quicentro
bimba y lola	moda	Quicentro
boato	moda	Quicentro
burbujas	salud-y-belleza	Quicentro
call it spring	moda	Quicentro
carolina herrera	moda	Quicentro
cartier	moda	Quicentro
chevignon	moda	Quicentro
chilli beans	moda	Quicentro
crocs	moda	Quicentro
dormel	moda	Quicentro
desigual	moda	Quicentro
esprit	moda	Quicentro
eta fashion	moda	Quicentro
explorer	moda	Quicentro
fossil	moda	Quicentro
funkyfish	moda	Quicentro
head	moda	Quicentro
h&m	moda	Quicentro
guillermo vazquez	moda	Quicentro
windsor	moda	Quicentro
lanidor	moda	Quicentro
kao sports	moda	Quicentro
laiart	moda	Quicentro
las fragancias	moda	Quicentro
lavuu	moda	Quicentro
lc waikiki	moda	Quicentro
lili pink	moda	Quicentro
loccitane	moda	Quicentro
mac	moda	Quicentro
marathon sports	moda	Quicentro
massimo dutti	moda	Quicentro
michael kors	moda	Quicentro
miniso	moda	Quicentro
mini u.s.	moda	Quicentro
mng	moda	Quicentro
montblanc	moda	Quicentro
nike	moda	Quicentro
old navy	moda	Quicentro
pandora	moda	Quicentro
pical	moda	Quicentro
pinto	moda	Quicentro
plaza vendome	moda	Quicentro
psycho bunny	moda	Quicentro
pull & bear	moda	Quicentro
puma	moda	Quicentro
purificacion garcia	moda	Quicentro
push	moda	Quicentro
roland	moda	Quicentro
steve madden	moda	Quicentro
stradivarius	moda	Quicentro
strelli	moda	Quicentro
studio f	moda	Quicentro
secretos para el baño	moda	Quicentro
swarovski	moda	Quicentro
taty	moda	Quicentro
tennis	moda	Quicentro
the lab	moda	Quicentro
the north face	moda	Quicentro
tommy hilfiger	moda	Quicentro
totto	moda	Quicentro
tous	moda	Quicentro
trial	moda	Quicentro
under armour	moda	Quicentro
uomo venetto	moda	Quicentro
watch world	moda	Quicentro
victoria secret	moda	Quicentro
workout	moda	Quicentro
zara	moda	Quicentro
clinique	salud-y-belleza	Quicentro
sime	salud-y-belleza	Quicentro
dmujeres	salud-y-belleza	Quicentro
fybeca	salud-y-belleza	Quicentro
gnc	salud-y-belleza	Quicentro
farmacias medicity	salud-y-belleza	Quicentro
only natural	salud-y-belleza	Quicentro
optica los andes	salud-y-belleza	Quicentro
opticas deportivas	salud-y-belleza	Quicentro
phisique	salud-y-belleza	Quicentro
sunglass hut	salud-y-belleza	Quicentro
watch world	salud-y-belleza	Quicentro
arte y puntadas	entretenimiento	Quicentro
byd	vehiculos	Quicentro
claro	servicios	Quicentro
digital photo express	servicios	Quicentro
hallmark	electrodomesticos-y-tecnologia	Quicentro
martinizing	servicios	Quicentro
mundo magico de la mascota	mascotas	Quicentro
pet station	mascotas	Quicentro
superpaco	supermercados-y-ferreterias	Quicentro
supermaxi	supermercados-y-ferreterias	Quicentro
terrua	servicios	Quicentro
western union	servicios	Quicentro
cubbit	electrodomesticos-y-tecnologia	Quicentro
